{
    "hole_diameter_mm": {
        "min": 100.00023893045815,
        "max": 149.99914923662595
    },
    "hole_depth_m": {
        "min": 5.000022981826181,
        "max": 14.999792614186424
    },
    "spacing_m": {
        "min": 2.0704258474872295,
        "max": 4.0
    },
    "burden_m": {
        "min": 1.805411249957054,
        "max": 3.0
    },
    "charge_weight_kg": {
        "min": 19.08117980248584,
        "max": 100.0
    },
    "rock_density_g_cm3": {
        "min": 2.0615803512779793,
        "max": 3.0
    },
    "moisture_percent": {
        "min": 1.698586691456505e-05,
        "max": 1.9998216136794436
    },
    "temperature_c": {
        "min": 15.0,
        "max": 35.0
    },
    "wind_speed_m_s": {
        "min": 7.990244611414359e-05,
        "max": 10.0
    },
    "wind_direction_deg": {
        "min": 0.00774369437436917,
        "max": 359.995298249102
    },
    "humidity_percent": {
        "min": 20.0,
        "max": 90.0
    }
}